{
    "camera_matrix": [
        [
            648.2088423746324,
            0.0,
            339.3402666831141
        ],
        [
            0.0,
            650.0823098020264,
            221.39155526080518
        ],
        [
            0.0,
            0.0,
            1.0
        ]
    ],
    "dist_coeffs": [
        [
            -0.06708032205814955,
            0.6063077920828845,
            -0.0096396880429675,
            0.019396686063283396,
            -1.2854756692652702
        ]
    ],
    "rvecs": [
        [
            -0.6913282061500597
        ],
        [
            0.027744380578268536
        ],
        [
            -0.04504522540198182
        ]
    ],
    "tvecs": [
        [
            -4.629945960803195
        ],
        [
            -0.5731783576836084
        ],
        [
            22.194590628766427
        ]
    ]
}